,Departamento,Descrição,Incorporação,Tombo-Eestado,Tombo Antigo
0,  PC-ACADEPOL - Academia de Polícia Civil,"CPU THINKCENTRE - CORE 15 3330/4GB/HD 500GB, COM MOUSE E TECLADO MARCA LENOVO - MODELO M92P
Dt. aquisição: 07/02/2014
Convênio: CONVENIO N.º 776045/2012-SENASP/MJ","
 Data de incorporação:
  17/12/2020 01:31:02","
        000.616.369      ","
        49896/SESDEC      "
1,  PC-ALMPAT - Almoxarifado e Patrimônio,"SUPERFICIE DE TRABALHO NA COR MARFIM, FORMATO EM L/CADERODE/CHEFIADt. aquisição:	03/10/2007","
 Data de incorporação:
  17/12/2020 01:28:26","
        000.720.943      ","
        8206/SESDEC      "
2,  PC-ALMPAT - Almoxarifado e Patrimônio,"Nome:	ARMARIO
Compl:BAIXO, C/02 PORTAS,MED. 900X420X740MM
Dt. aquisição:11/11/2009","
 Data de incorporação:
  17/12/2020 01:28:26","
        000.737.241      ","
        26596/SESDEC      "
3,  PC-ALMPAT - Almoxarifado e Patrimônio,"MESA P/ COMPUTADOR,	NA COR MARFIM TAMPO EM MDF C/ 25MM DE ESPESSURA, CADERODE, VALOR 620,00","
 Data de incorporação:
  17/12/2020 01:28:25","
        000.719.752      ","
        008323/SESDEC      "
4,  PC-ALMPAT - Almoxarifado e Patrimônio,"MESA P/ COMPUTADOR MESA P/MICROCOMPUTADOR EM MDF, PES DE ACO, SUP. FIXO P/TECLADO/VANDAFLEX
Dt. aquisição: 29/12/2011","
 Data de incorporação:
  17/12/2020 01:28:25","
        000.627.289      ","
        38777/SESDEC      "
5,  PC-ALMPAT - Almoxarifado e Patrimônio,"MESA P/ COMPUTADOR MESA P/MICROCOMPUTADOR EM MDF, PES DE ACO, SUP. FIXO P/TECLADO/VANDAFLEX
Dt. aquisição: 29/12/2011","
 Data de incorporação:
  17/12/2020 01:28:25","
        000.627.307      ","
        38783/SESDEC      "
6,  PC-ALMPAT - Almoxarifado e Patrimônio,"MESA P/ COMPUTADOR MESA P/MICROCOMPUTADOR EM MDF, PES DE ACO, SUP. FIXO P/TECLADO/VANDAFLEX
Dt. aquisição: 29/12/2011","
 Data de incorporação:
  17/12/2020 01:28:24","
        000.627.336      ","
        38765/SESDEC      "
7,  PC-ALMPAT - Almoxarifado e Patrimônio,"MESA P/ COMPUTADOR MESA P/MICROCOMPUTADOR EM MDF, PES DE ACO, SUP. FIXO P/TECLADO/VANDAFLEX
Dt. aquisição: 29/12/2011","
 Data de incorporação:
  17/12/2020 01:28:24","
        000.627.374      ","
        38764/SESDEC      "
8,  PC-ALMPAT - Almoxarifado e Patrimônio,"MESA P/ COMPUTADOR MESA P/MICROCOMPUTADOR EM MDF, PES DE ACO, SUP. FIXO P/TECLADO/VANDAFLEX
Dt. aquisição: 29/12/2011","
 Data de incorporação:
  17/12/2020 01:28:23","
        000.625.631      ","
        38766/SESDEC      "
9,  PC-ALMPAT - Almoxarifado e Patrimônio,"MESA P/ COMPUTADOR MESA P/MICROCOMPUTADOR EM MDF, PES DE ACO, SUP. FIXO P/TECLADO/VANDAFLEX
Dt. aquisição: 29/12/2011","
 Data de incorporação:
  17/12/2020 01:28:23","
        000.627.277      ","
        38768/SESDEC      "
10,  PC-ALMPAT - Almoxarifado e Patrimônio,"MESA P/ COMPUTADOR MESA P/MICROCOMPUTADOR EM MDF, PES DE ACO, SUP. FIXO P/TECLADO/VANDAFLEX
Dt. aquisição: 29/12/2011","
 Data de incorporação:
  17/12/2020 01:28:23","
        000.627.271      ","
        38769/SESDEC      "
11,  PC-ALMPAT - Almoxarifado e Patrimônio,"MESA P/ COMPUTADOR MESA P/MICROCOMPUTADOR EM MDF, PES DE ACO, SUP. FIXO P/TECLADO/VANDAFLEX
Dt. aquisição: 29/12/2011","
 Data de incorporação:
  17/12/2020 01:28:22","
        000.627.281      ","
        38770/SESDEC      "
12,  PC-ALMPAT - Almoxarifado e Patrimônio,"ESTAÇÃO DE TRABALHO L,CORTE CONVEXO COM PENÍNSULA MED.2100X1800X750X600X750MM - MARCA 	ARTILINE 
Dt. aquisição: 31/03/2012
","
 Data de incorporação:
  17/12/2020 01:28:22","
        000.543.873      ","
        39426/SESDEC      "
13,  PC-ALMPAT - Almoxarifado e Patrimônio,"ARMÁRIO ALTO C/ 02 PORTAS
Dt. aquisição: 11/11/2009","
 Data de incorporação:
  17/12/2020 01:28:22","
        000.642.781      ","
        26605/SESDEC      "
14,  PC-ALMPAT - Almoxarifado e Patrimônio,"ARMÁRIO ALTO C/ 02 PORTAS
Dt. aquisição: 11/11/2009","
 Data de incorporação:
  17/12/2020 01:28:21","
        000.641.591      ","
        26622/SESDEC      "
15,  PC-ALMPAT - Almoxarifado e Patrimônio,"VEICULO PEUGEOT BRANCO
Dt. aquisição: 16/07/2019
TOMBAMENTO E-ESTADO 37858 - PROC. SEI N.0021.248759/2018-61 RENAVAM 1152117103","
 Data de incorporação:
  15/12/2020 08:13:58","
        000.768.366      ","
        63377/SESDEC      "
16,  PC-ALMPAT - Almoxarifado e Patrimônio,"VEICULO PEUGEOT BRANCO
Dt. aquisição: 16/07/2019
TOMBAMENTO E-ESTADO 37857 - PROC. SEI N.0021.248759/2018-61 RENAVAM 1148812307

","
 Data de incorporação:
  15/12/2020 08:13:57","
        000.768.358      ","
        63380/SESDEC      "
17,  PC-ALMPAT - Almoxarifado e Patrimônio,"VEICULO PEUGEOT BRANCO
Dt. aquisição: 16/07/2019
TOMBAMENTO E-ESTADO 37856 - PROC. SEI N.0021.248759/2018-61 RENAVAM 1148825816","
 Data de incorporação:
  15/12/2020 08:13:56","
        000.768.337      ","
        63379/SESDEC      "
18,  PC-ALMPAT - Almoxarifado e Patrimônio,"VEICULO PEUGEOT BRANCO
Dt. aquisição: 16/07/2019
TOMBAMENTO E-ESTADO 37855 - PROC. SEI N.0021.248759/2018-61 RENAVAM 1148813842","
 Data de incorporação:
  15/12/2020 08:13:55","
        000.768.333      ","
        63375/SESDEC      "
19,  PC-ALMPAT - Almoxarifado e Patrimônio,"VEICULO PEUGEOT BRANCO
Dt. aquisição: 16/07/2019
TOMBAMENTO E-ESTADO 37854 - PROC. SEI N.0021.248759/2018-61 RENAVAM 1148826014","
 Data de incorporação:
  15/12/2020 08:13:54","
        000.768.325      ","
        63374/SESDEC      "
20,  PC-ALMPAT - Almoxarifado e Patrimônio,"VEICULO PEUGEOT BRANCO
Dt. aquisição: 16/07/2019
TOMBAMENTO E-ESTADO 37853 - PROC. SEI N.0021.248759/2018-61 RENAVAM 1148810363","
 Data de incorporação:
  15/12/2020 08:13:54","
        000.768.322      ","
        63376/SESDEC      "
21,  PC-ALMPAT - Almoxarifado e Patrimônio,"VEICULO PEUGEOT BRANCO
Dt. aquisição: 16/07/2019
TOMBAMENTO E-ESTADO 37852 - PROC. SEI N.0021.248759/2018-61 RENAVAM 1148813184

","
 Data de incorporação:
  15/12/2020 08:13:53","
        000.768.318      ","
        63378/SESDEC      "
22,  PC-ACADEPOL - Academia de Polícia Civil,"CADEIRA COM INTERNO DO ASSENTO EM MADEIRA COMPENSADA MULTILAMINAS MARCA FLEXFORM
Dt. aquisição: 30/06/2017","
 Data de incorporação:
  11/12/2020 02:30:26","
        000.722.252      ","
        60562/SESDEC      "
23,  PC-ACADEPOL - Academia de Polícia Civil,"CADEIRA COM INTERNO DO ASSENTO EM MADEIRA COMPENSADA MULTILAMINAS MARCA FLEXFORM
Dt. aquisição: 30/06/2017","
 Data de incorporação:
  11/12/2020 02:30:25","
        000.722.055      ","
        60545/SESDEC      "
24,  PC-ACADEPOL - Academia de Polícia Civil,"CADEIRA COM INTERNO DO ASSENTO EM MADEIRA COMPENSADA MULTILAMINAS MARCA FLEXFORM
Dt. aquisição: 30/06/2017","
 Data de incorporação:
  11/12/2020 02:30:25","
        000.722.206      ","
        60556/SESDEC      "
25,  PC-ACADEPOL - Academia de Polícia Civil,"CADEIRA COM INTERNO DO ASSENTO EM MADEIRA COMPENSADA MULTILAMINAS MARCA FLEXFORM
Dt. aquisição: 30/06/2017","
 Data de incorporação:
  11/12/2020 02:30:24","
        000.722.166      ","
        60554/SESDEC      "
26,  PC-ACADEPOL - Academia de Polícia Civil,"CADEIRA COM INTERNO DO ASSENTO EM MADEIRA COMPENSADA MULTILAMINAS MARCA FLEXFORM
Dt. aquisição: 30/06/2017","
 Data de incorporação:
  11/12/2020 02:30:24","
        000.722.222      ","
        60557/SESDEC      "
27,  PC-ACADEPOL - Academia de Polícia Civil,"CADEIRA COM INTERNO DO ASSENTO EM MADEIRA COMPENSADA MULTILAMINAS MARCA FLEXFORM
Dt. aquisição: 30/06/2017","
 Data de incorporação:
  11/12/2020 02:30:23","
        000.722.015      ","
        60539/SESDEC      "
28,  PC-ACADEPOL - Academia de Polícia Civil,"CADEIRA COM INTERNO DO ASSENTO EM MADEIRA COMPENSADA MULTILAMINAS MARCA FLEXFORM
Dt. aquisição: 30/06/2017","
 Data de incorporação:
  11/12/2020 02:30:23","
        000.721.878      ","
        60526/SESDEC      "
29,  PC-ACADEPOL - Academia de Polícia Civil,"CADEIRA COM INTERNO DO ASSENTO EM MADEIRA COMPENSADA MULTILAMINAS MARCA FLEXFORM
Dt. aquisição: 30/06/2017","
 Data de incorporação:
  11/12/2020 02:30:22","
        000.722.289      ","
        60565/SESDEC      "
30,  PC-ACADEPOL - Academia de Polícia Civil,"CADEIRA COM INTERNO DO ASSENTO EM MADEIRA COMPENSADA MULTILAMINAS MARCA FLEXFORM 
Dt. aquisição: 30/06/2017
","
 Data de incorporação:
  11/12/2020 02:30:22","
        000.721.755      ","
        60518/SESDEC      "
31,  PC-ACADEPOL - Academia de Polícia Civil,"CADEIRA COM INTERNO DO ASSENTO EM MADEIRA COMPENSADA MULTILAMINAS FLEXFORM PLUS
Dt. aquisição: 30/06/2017","
 Data de incorporação:
  11/12/2020 02:30:21","
        000.730.726      ","
        60517/SESDEC      "
32,  PC-ALMPAT - Almoxarifado e Patrimônio,"ESTANTE EM AÇO 1980X420X925
Dt. aquisição: 30/12/2015
Observação:	BEM DEVOLVIDO CONF. OF.N.13784/2018/PC-DP8UNISP DE 18/10/2018.","
 Data de incorporação:
  11/12/2020 02:26:34","
        000.722.700      ","
        56751/SESDEC      "
33,  PC-ALMPAT - Almoxarifado e Patrimônio,"ESTANTE EM AÇO 1980X420X925
Dt. aquisição: 30/12/2015
Observação:	BEM DEVOLVIDO CONF. OF.N.13784/2018/PC-DP8UNISP DE 18/10/2018.","
 Data de incorporação:
  11/12/2020 02:26:33","
        000.722.702      ","
        56753/SESDEC      "
34,  PC-ALMPAT - Almoxarifado e Patrimônio,"ESTANTE EM AÇO 1980X420X925
Dt. aquisição: 30/12/2015
Observação:	BEM DEVOLVIDO CONF. OF.N.13784/2018/PC-DP8UNISP DE 18/10/2018.","
 Data de incorporação:
  11/12/2020 02:26:33","
        000.722.706      ","
        56756/SESDEC      "
35,  PC-ALMPAT - Almoxarifado e Patrimônio,"ESTANTE EM AÇO 1980X420X925
Dt. aquisição: 30/12/2015
Observação:	BEM DEVOLVIDO CONF. OF.N.13784/2018/PC-DP8UNISP DE 18/10/2018.","
 Data de incorporação:
  11/12/2020 02:26:32","
        000.722.707      ","
        56759/SESDEC      "
36,  PC-ALMPAT - Almoxarifado e Patrimônio,"ESTANTE EM AÇO 1980X420X925
Dt. aquisição: 30/12/2015
Observação:	BEM DEVOLVIDO CONF. OF.N.13784/2018/PC-DP8UNISP DE 18/10/2018.","
 Data de incorporação:
  11/12/2020 02:26:32","
        000.722.713      ","
        56780/SESDEC      "
37,  PC-ALMPAT - Almoxarifado e Patrimônio,UNIDADE DE BACKUP P/LTO 3/4/5 DELL POWER VAULT 114 TAPE RACK,"
 Data de incorporação:
  11/12/2020 02:23:56","
        400.002.621      ","
        46617/SESDEC      "
38,  PC-ALMPAT - Almoxarifado e Patrimônio,UNIDADE DE BACKUP P/LTO 3/4/5 DELL POWER VAULT 114 TAPE RACK,"
 Data de incorporação:
  11/12/2020 02:23:56","
        400.002.620      ","
        46618/SESDEC      "
39,  PC-ALMPAT - Almoxarifado e Patrimônio,SWITCH POWER CONNECT 6224 24GBE PORTASDt. aquisição: 23/04/2014CONVENIO 761513/2011-SENASP/MJ,"
 Data de incorporação:
  11/12/2020 02:23:55","
        400.002.617      ","
        50503/SESDEC      "
40,  PC-ALMPAT - Almoxarifado e Patrimônio,SWITCH POWER CONNECT 6224 24GBE PORTASDt. aquisição: 23/04/2014CONVENIO 761513/2011-SENASP/MJ,"
 Data de incorporação:
  11/12/2020 02:23:55","
        000.320.870      ","
        50505/SESDEC      "
41,  PC-ALMPAT - Almoxarifado e Patrimônio,"SERVIDOR POWER EDGE R820
Dt. aquisição: 23/04/2014
Convenio: CONVENIO 761513/2011-SENASP/MJ	","
 Data de incorporação:
  11/12/2020 02:23:54","
        000.330.503      ","
        50499/SESDEC      "
42,  PC-ALMPAT - Almoxarifado e Patrimônio,"SERVIDOR DE REDE,PLACA E PROCESSADOR QUAD CORE INTEL E5504 XEON, POWEREDGE R610","
 Data de incorporação:
  11/12/2020 02:23:54","
        400.002.618      ","
        34532/SESDEC      "
43,  PC-ALMPAT - Almoxarifado e Patrimônio,"MESA RETANGULAR 1400X600
Dt. aquisição: 21/08/2017
CONVENIO SESDEC","
 Data de incorporação:
  11/12/2020 02:19:57","
        000.321.684      ","
        61252/SESDEC      "
44,  PC-ALMPAT - Almoxarifado e Patrimônio,"MESA APOIO RETANGULAR ESTRUTURA EM ALUMINIO MED.1200X600MM,MARCA MADEIRENSE","
 Data de incorporação:
  11/12/2020 02:19:57","
        400.002.645      ","
        35584/SESDEC      "
45,  PC-ALMPAT - Almoxarifado e Patrimônio,"MESA APOIO RETANGULAR ESTRUTURA EM ALUMINIO MED.1200X600MM,MARCA MADEIRENSE","
 Data de incorporação:
  11/12/2020 02:19:57","
        400.002.646      ","
        35583/SESDEC      "
46,  PC-ALMPAT - Almoxarifado e Patrimônio,"MESA APOIO RETANGULAR ESTRUTURA EM ALUMINIO MED.1200X600MM,MARCA MADEIRENSE","
 Data de incorporação:
  11/12/2020 02:19:56","
        400.002.643      ","
        35586/SESDEC      "
47,  PC-ALMPAT - Almoxarifado e Patrimônio,"MESA APOIO RETANGULAR ESTRUTURA EM ALUMINIO MED.1200X600MM,MARCA MADEIRENSE","
 Data de incorporação:
  11/12/2020 02:19:56","
        400.002.644      ","
        35585/SESDEC      "
48,  PC-ALMPAT - Almoxarifado e Patrimônio,CADEIRA GIRATÓRIA ESPALDAR MÉDIO C/BRAÇO,"
 Data de incorporação:
  11/12/2020 02:19:56","
        400.002.647      ","
        61750/SESDEC      "
49,  PC-ALMPAT - Almoxarifado e Patrimônio,CADEIRA GIRATÓRIA ESPALDAR MÉDIO C/BRAÇO,"
 Data de incorporação:
  11/12/2020 02:19:56","
        400.002.648      ","
        61749/SESDEC      "
50,  PC-ALMPAT - Almoxarifado e Patrimônio,CADEIRA GIRATORIA ESPALDAR MEDIO C/BRACO,"
 Data de incorporação:
  11/12/2020 02:19:56","
        400.002.642      ","
        61748/SESDEC      "
51,  PC-ALMPAT - Almoxarifado e Patrimônio,"CADEIRA, FLEXFORM, PLUS, COM INTERNO DO ASSENTO EM MADEIRA COMPENSADA MULTILAMINAS
Dt. aquisição:	30/06/2017","
 Data de incorporação:
  11/12/2020 02:19:55","
        000.721.769      ","
        60580/SESDEC      "
52,  PC-ALMPAT - Almoxarifado e Patrimônio,CADEIRA FIXA ESPALDAR MÉDIO ADIÇÃO DE BRAÇO REGULÁVEL,"
 Data de incorporação:
  11/12/2020 02:19:55","
        400.002.649      ","
        61853/SESDEC      "
53,  PC-ALMPAT - Almoxarifado e Patrimônio,CADEIRA FIXA ESPALDAR MÉDIO ADIÇÃO DE BRAÇO REGULÁVEL,"
 Data de incorporação:
  11/12/2020 02:19:55","
        400.002.650      ","
        61822/SESDEC      "
54,  PC-ALMPAT - Almoxarifado e Patrimônio,"CADEIRA FIXA COM BRAÇOS NA COR AZUL MARINHO 
Dt. aquisição: 21/08/2017 
Convênio: SESDEC","
 Data de incorporação:
  11/12/2020 02:19:54","
        000.723.146      ","
        61059/SESDEC      "
55,  PC-ALMPAT - Almoxarifado e Patrimônio,"CADEIRA FIXA COM BRAÇOS NA COR AZUL MARINHO 
Dt. aquisição: 21/08/2017 
Convênio: SESDEC","
 Data de incorporação:
  11/12/2020 02:19:54","
        000.723.280      ","
        61082/SESDEC      "
56,  PC-ALMPAT - Almoxarifado e Patrimônio,"CADEIRA FIXA COM BRAÇOS NA COR AZUL MARINHO 
Dt. aquisição: 21/08/2017 
Convênio: SESDEC","
 Data de incorporação:
  11/12/2020 02:19:53","
        000.723.246      ","
        61075/SESDEC      "
57,  PC-ALMPAT - Almoxarifado e Patrimônio,"CADEIRA FIXA COM BRAÇOS NA COR AZUL MARINHO 
Dt. aquisição: 21/08/2017 
Convênio: SESDEC","
 Data de incorporação:
  11/12/2020 02:19:53","
        000.723.221      ","
        61073/SESDEC      "
58,  PC-ALMPAT - Almoxarifado e Patrimônio,"CADEIRA FIXA COM BRACOS NA COR AZUL MARINHO
Dt. aquisição: 21/08/2017
Convenio: SESDEC","
 Data de incorporação:
  11/12/2020 02:19:52","
        000.439.110      ","
        61057/SESDEC      "
59,  PC-ALMPAT - Almoxarifado e Patrimônio,"CADEIRA FIXA COM BRACOS NA COR AZUL MARINHO
Dt. aquisição:	21/08/2017","
 Data de incorporação:
  11/12/2020 02:19:51","
        000.720.966      ","
        61120/SESDEC      "
60,  PC-ALMPAT - Almoxarifado e Patrimônio,"CADEIRA FIXA COM BRACOS NA COR AZUL MARINHO
Dt. aquisição:	21/08/2017","
 Data de incorporação:
  11/12/2020 02:19:51","
        000.720.981      ","
        61119/SESDEC      "
61,  PC-ALMPAT - Almoxarifado e Patrimônio,"CADEIRA FIXA COM BRACOS NA COR AZUL MARINHO 
Dt. aquisição: 21/08/2017","
 Data de incorporação:
  11/12/2020 02:19:50","
        000.723.304      ","
        61107/SESDEC      "
62,  PC-ALMPAT - Almoxarifado e Patrimônio,"CADEIRA FIXA COM BRACOS NA COR AZUL MARINHO 
Dt. aquisição: 21/08/2017","
 Data de incorporação:
  11/12/2020 02:19:50","
        000.723.297      ","
        61104/SESDEC      "
63,  PC-ALMPAT - Almoxarifado e Patrimônio,"CADEIRA FIXA COM BRACOS NA COR AZUL MARINHO 
Dt. aquisição: 21/08/2017","
 Data de incorporação:
  11/12/2020 02:19:49","
        000.723.288      ","
        61101/SESDEC      "
64,  PC-ALMPAT - Almoxarifado e Patrimônio,"CADEIRA FIXA COM BRACOS NA COR AZUL MARINHO 
Dt. aquisição: 21/08/2017","
 Data de incorporação:
  11/12/2020 02:19:49","
        000.723.268      ","
        61098/SESDEC      "
65,  PC-ALMPAT - Almoxarifado e Patrimônio,"CADEIRA FIXA COM BRACOS NA COR AZUL MARINHO 
Dt. aquisição: 21/08/2017","
 Data de incorporação:
  11/12/2020 02:19:48","
        000.723.342      ","
        61112/SESDEC      "
66,  PC-ALMPAT - Almoxarifado e Patrimônio,"CADEIRA ERME GIRATORIA COM BRACO
Dt. aquisição: 15/12/2017
Convenio: SESDEC

","
 Data de incorporação:
  11/12/2020 02:19:48","
        000.723.227      ","
        61488/SESDEC      "
67,  PC-ALMPAT - Almoxarifado e Patrimônio,"CADEIRA ERME GIRATORIA COM BRACO
Dt. aquisição: 15/12/2017
Convenio: SESDEC","
 Data de incorporação:
  11/12/2020 02:19:47","
        000.725.742      ","
        61586/SESDEC      "
68,  PC-ALMPAT - Almoxarifado e Patrimônio,"CADEIRA ERME GIRATORIA COM BRACO
Dt. aquisição: 15/12/2017
Convenio: SESDEC","
 Data de incorporação:
  11/12/2020 02:19:47","
        000.725.642      ","
        61579/SESDEC      "
69,  PC-ALMPAT - Almoxarifado e Patrimônio,"CADEIRA FIXA COM BRAÇOS NA COR AZUL MARINHO 
Dt. aquisição: 21/08/2017 
Convênio: SESDEC","
 Data de incorporação:
  11/12/2020 02:03:53","
        000.723.165      ","
        61061/SESDEC      "
70,  PC-ALMPAT - Almoxarifado e Patrimônio,"CADEIRA FIXA COM BRAÇOS NA COR AZUL MARINHO 
Dt. aquisição: 21/08/2017 
Convênio: SESDEC","
 Data de incorporação:
  11/12/2020 02:03:52","
        000.723.277      ","
        61080/SESDEC      "
71,  PC-ALMPAT - Almoxarifado e Patrimônio,"CADEIRA FIXA COM BRACOS NA COR AZUL MARINHO
Dt. aquisição:	21/08/2017","
 Data de incorporação:
  11/12/2020 02:03:52","
        000.721.107      ","
        61144/SESDEC      "
72,  PC-ALMPAT - Almoxarifado e Patrimônio,"CADEIRA FIXA COM BRACOS NA COR AZUL MARINHO
Dt. aquisição:	21/08/2017","
 Data de incorporação:
  11/12/2020 02:03:51","
        000.721.149      ","
        61148/SESDEC      "
73,  PC-ALMPAT - Almoxarifado e Patrimônio,"CADEIRA FIXA COM BRACOS NA COR AZUL MARINHO 
Dt. aquisição: 21/08/2017","
 Data de incorporação:
  11/12/2020 02:03:51","
        000.723.336      ","
        61111/SESDEC      "
74,  PC-ALMPAT - Almoxarifado e Patrimônio,"CADEIRA COM INTERNO DO ASSENTO EM MADEIRA COMPENSADA MULTILAMINAS MARCA FLEXFORM
Dt. aquisição: 30/06/2017","
 Data de incorporação:
  11/12/2020 02:03:50","
        000.721.907      ","
        60530/SESDEC      "
75,  PC-ALMPAT - Almoxarifado e Patrimônio,"CADEIRA COM INTERNO DO ASSENTO EM MADEIRA COMPENSADA MULTILAMINAS MARCA FLEXFORM
Dt. aquisição: 30/06/2017","
 Data de incorporação:
  11/12/2020 02:03:50","
        000.722.087      ","
        60547/SESDEC      "
76,  PC-ALMPAT - Almoxarifado e Patrimônio,"CADEIRA COM INTERNO DO ASSENTO EM MADEIRA COMPENSADA MULTILAMINAS MARCA FLEXFORM
Dt. aquisição: 30/06/2017","
 Data de incorporação:
  11/12/2020 02:03:49","
        000.722.094      ","
        60548/SESDEC      "
77,  PC-ALMPAT - Almoxarifado e Patrimônio,"CADEIRA COM INTERNO DO ASSENTO EM MADEIRA COMPENSADA MULTILAMINAS MARCA FLEXFORM
Dt. aquisição: 30/06/2017","
 Data de incorporação:
  11/12/2020 02:03:49","
        000.722.134      ","
        60551/SESDEC      "
78,  PC-ALMPAT - Almoxarifado e Patrimônio,"CADEIRA COM INTERNO DO ASSENTO EM MADEIRA COMPENSADA MULTILAMINAS MARCA FLEXFORM
Dt. aquisição: 30/06/2017","
 Data de incorporação:
  11/12/2020 02:03:48","
        000.721.779      ","
        60521/SESDEC      "
79,  PC-GAFDPA - Divisão de Patrimônio e Almoxarifado,"COLETE BALÍSTICO PARA USO POLICIAL, MASCULINO TAMANHO GG","
 Data de incorporação:
  21/10/2020 12:29:43","
        400.000.461      ","
        ----------      "
80,  PC-GAFDPA - Divisão de Patrimônio e Almoxarifado,"COLETE BALÍSTICO PARA USO POLICIAL, MASCULINO TAMANHO P","
 Data de incorporação:
  21/10/2020 12:29:42","
        400.000.789      ","
        ----------      "
81,  PC-GAFDPA - Divisão de Patrimônio e Almoxarifado,"COLETE BALÍSTICO PARA USO POLICIAL, MASCULINO TAMANHO P","
 Data de incorporação:
  21/10/2020 12:29:41","
        400.000.790      ","
        ----------      "
82,  PC-GAFDPA - Divisão de Patrimônio e Almoxarifado,"COLETE BALÍSTICO PARA USO POLICIAL, MASCULINO TAMANHO P","
 Data de incorporação:
  21/10/2020 12:29:39","
        400.000.656      ","
        ----------      "
83,  PC-GAFDPA - Divisão de Patrimônio e Almoxarifado,"COLETE BALÍSTICO PARA USO POLICIAL, MASCULINO TAMANHO P","
 Data de incorporação:
  21/10/2020 12:29:38","
        400.000.659      ","
        ----------      "
84,  PC-GAFDPA - Divisão de Patrimônio e Almoxarifado,"COLETE BALÍSTICO PARA USO POLICIAL, MASCULINO TAMANHO P","
 Data de incorporação:
  21/10/2020 12:29:37","
        400.000.664      ","
        ----------      "
85,  PC-GAFDPA - Divisão de Patrimônio e Almoxarifado,"COLETE BALÍSTICO PARA USO POLICIAL, MASCULINO TAMANHO P","
 Data de incorporação:
  21/10/2020 12:29:35","
        400.000.665      ","
        ----------      "
86,  PC-GAFDPA - Divisão de Patrimônio e Almoxarifado,"COLETE BALÍSTICO PARA USO POLICIAL, MASCULINO TAMANHO P","
 Data de incorporação:
  21/10/2020 12:29:33","
        400.000.668      ","
        ----------      "
87,  PC-GAFDPA - Divisão de Patrimônio e Almoxarifado,"COLETE BALÍSTICO PARA USO POLICIAL, MASCULINO TAMANHO P","
 Data de incorporação:
  21/10/2020 12:29:31","
        400.000.669      ","
        ----------      "
88,  PC-GAFDPA - Divisão de Patrimônio e Almoxarifado,"COLETE BALÍSTICO PARA USO POLICIAL, MASCULINO TAMANHO P","
 Data de incorporação:
  21/10/2020 12:29:29","
        400.000.676      ","
        ----------      "
89,  PC-GAFDPA - Divisão de Patrimônio e Almoxarifado,"COLETE BALÍSTICO PARA USO POLICIAL, MASCULINO TAMANHO P","
 Data de incorporação:
  21/10/2020 12:29:26","
        400.000.679      ","
        ----------      "
90,  PC-GAFDPA - Divisão de Patrimônio e Almoxarifado,"COLETE BALÍSTICO PARA USO POLICIAL, MASCULINO TAMANHO P","
 Data de incorporação:
  21/10/2020 12:29:24","
        400.000.684      ","
        ----------      "
91,  PC-GAFDPA - Divisão de Patrimônio e Almoxarifado,"COLETE BALÍSTICO PARA USO POLICIAL, MASCULINO TAMANHO P","
 Data de incorporação:
  21/10/2020 12:29:22","
        400.000.685      ","
        ----------      "
92,  PC-GAFDPA - Divisão de Patrimônio e Almoxarifado,"COLETE BALÍSTICO PARA USO POLICIAL, MASCULINO TAMANHO P","
 Data de incorporação:
  21/10/2020 12:29:20","
        400.000.688      ","
        ----------      "
93,  PC-GAFDPA - Divisão de Patrimônio e Almoxarifado,"COLETE BALÍSTICO PARA USO POLICIAL, MASCULINO TAMANHO P","
 Data de incorporação:
  21/10/2020 12:29:18","
        400.000.689      ","
        ----------      "
94,  PC-GAFDPA - Divisão de Patrimônio e Almoxarifado,"COLETE BALÍSTICO PARA USO POLICIAL, MASCULINO TAMANHO P","
 Data de incorporação:
  21/10/2020 12:29:15","
        400.000.696      ","
        ----------      "
95,  PC-GAFDPA - Divisão de Patrimônio e Almoxarifado,"COLETE BALÍSTICO PARA USO POLICIAL, MASCULINO TAMANHO P","
 Data de incorporação:
  21/10/2020 12:29:12","
        400.000.699      ","
        ----------      "
96,  PC-GAFDPA - Divisão de Patrimônio e Almoxarifado,"COLETE BALÍSTICO PARA USO POLICIAL, MASCULINO TAMANHO P","
 Data de incorporação:
  21/10/2020 12:29:10","
        400.000.704      ","
        ----------      "
97,  PC-GAFDPA - Divisão de Patrimônio e Almoxarifado,"COLETE BALÍSTICO PARA USO POLICIAL, MASCULINO TAMANHO P","
 Data de incorporação:
  21/10/2020 12:29:09","
        400.000.705      ","
        ----------      "
98,  PC-GAFDPA - Divisão de Patrimônio e Almoxarifado,"COLETE BALÍSTICO PARA USO POLICIAL, MASCULINO TAMANHO P","
 Data de incorporação:
  21/10/2020 12:29:07","
        400.000.707      ","
        ----------      "
99,  PC-GAFDPA - Divisão de Patrimônio e Almoxarifado,"COLETE BALÍSTICO PARA USO POLICIAL, MASCULINO TAMANHO P","
 Data de incorporação:
  21/10/2020 12:29:06","
        400.000.708      ","
        ----------      "
100,  PC-GAFDPA - Divisão de Patrimônio e Almoxarifado,"COLETE BALÍSTICO PARA USO POLICIAL, MASCULINO TAMANHO P","
 Data de incorporação:
  21/10/2020 12:29:04","
        400.000.709      ","
        ----------      "
101,  PC-GAFDPA - Divisão de Patrimônio e Almoxarifado,"COLETE BALÍSTICO PARA USO POLICIAL, MASCULINO TAMANHO P","
 Data de incorporação:
  21/10/2020 12:29:02","
        400.000.716      ","
        ----------      "
102,  PC-GAFDPA - Divisão de Patrimônio e Almoxarifado,"COLETE BALÍSTICO PARA USO POLICIAL, MASCULINO TAMANHO P","
 Data de incorporação:
  21/10/2020 12:29:00","
        400.000.719      ","
        ----------      "
103,  PC-GAFDPA - Divisão de Patrimônio e Almoxarifado,"COLETE BALÍSTICO PARA USO POLICIAL, MASCULINO TAMANHO P","
 Data de incorporação:
  21/10/2020 12:28:58","
        400.000.724      ","
        ----------      "
104,  PC-GAFDPA - Divisão de Patrimônio e Almoxarifado,"COLETE BALÍSTICO PARA USO POLICIAL, MASCULINO TAMANHO P","
 Data de incorporação:
  21/10/2020 12:28:55","
        400.000.725      ","
        ----------      "
105,  PC-GAFDPA - Divisão de Patrimônio e Almoxarifado,"COLETE BALÍSTICO PARA USO POLICIAL, MASCULINO TAMANHO P","
 Data de incorporação:
  21/10/2020 12:28:54","
        400.000.727      ","
        ----------      "
106,  PC-GAFDPA - Divisão de Patrimônio e Almoxarifado,"COLETE BALÍSTICO PARA USO POLICIAL, MASCULINO TAMANHO P","
 Data de incorporação:
  21/10/2020 12:28:52","
        400.000.728      ","
        ----------      "
107,  PC-GAFDPA - Divisão de Patrimônio e Almoxarifado,"COLETE BALÍSTICO PARA USO POLICIAL, MASCULINO TAMANHO P","
 Data de incorporação:
  21/10/2020 12:28:50","
        400.000.729      ","
        ----------      "
108,  PC-GAFDPA - Divisão de Patrimônio e Almoxarifado,"COLETE BALÍSTICO PARA USO POLICIAL, MASCULINO TAMANHO P","
 Data de incorporação:
  21/10/2020 12:28:49","
        400.000.736      ","
        ----------      "
109,  PC-GAFDPA - Divisão de Patrimônio e Almoxarifado,"COLETE BALÍSTICO PARA USO POLICIAL, MASCULINO TAMANHO P","
 Data de incorporação:
  21/10/2020 12:28:48","
        400.000.739      ","
        ----------      "
110,  PC-GAFDPA - Divisão de Patrimônio e Almoxarifado,"COLETE BALÍSTICO PARA USO POLICIAL, MASCULINO TAMANHO P","
 Data de incorporação:
  21/10/2020 12:28:46","
        400.000.744      ","
        ----------      "
111,  PC-GAFDPA - Divisão de Patrimônio e Almoxarifado,"COLETE BALÍSTICO PARA USO POLICIAL, MASCULINO TAMANHO P","
 Data de incorporação:
  21/10/2020 12:28:45","
        400.000.745      ","
        ----------      "
112,  PC-GAFDPA - Divisão de Patrimônio e Almoxarifado,"COLETE BALÍSTICO PARA USO POLICIAL, MASCULINO TAMANHO P","
 Data de incorporação:
  21/10/2020 12:28:43","
        400.000.747      ","
        ----------      "
113,  PC-GAFDPA - Divisão de Patrimônio e Almoxarifado,"COLETE BALÍSTICO PARA USO POLICIAL, MASCULINO TAMANHO P","
 Data de incorporação:
  21/10/2020 12:28:41","
        400.000.748      ","
        ----------      "
114,  PC-GAFDPA - Divisão de Patrimônio e Almoxarifado,"COLETE BALÍSTICO PARA USO POLICIAL, MASCULINO TAMANHO P","
 Data de incorporação:
  21/10/2020 12:28:40","
        400.000.749      ","
        ----------      "
115,  PC-GAFDPA - Divisão de Patrimônio e Almoxarifado,"COLETE BALÍSTICO PARA USO POLICIAL, MASCULINO TAMANHO P","
 Data de incorporação:
  21/10/2020 12:28:38","
        400.000.756      ","
        ----------      "
116,  PC-GAFDPA - Divisão de Patrimônio e Almoxarifado,"COLETE BALÍSTICO PARA USO POLICIAL, MASCULINO TAMANHO P","
 Data de incorporação:
  21/10/2020 12:28:36","
        400.000.759      ","
        ----------      "
117,  PC-GAFDPA - Divisão de Patrimônio e Almoxarifado,"COLETE BALÍSTICO PARA USO POLICIAL, MASCULINO TAMANHO P","
 Data de incorporação:
  21/10/2020 12:28:35","
        400.000.764      ","
        ----------      "
118,  PC-GAFDPA - Divisão de Patrimônio e Almoxarifado,"COLETE BALÍSTICO PARA USO POLICIAL, MASCULINO TAMANHO P","
 Data de incorporação:
  21/10/2020 12:28:33","
        400.000.765      ","
        ----------      "
119,  PC-GAFDPA - Divisão de Patrimônio e Almoxarifado,"COLETE BALÍSTICO PARA USO POLICIAL, MASCULINO TAMANHO P","
 Data de incorporação:
  21/10/2020 12:28:31","
        400.000.767      ","
        ----------      "
120,  PC-GAFDPA - Divisão de Patrimônio e Almoxarifado,"COLETE BALÍSTICO PARA USO POLICIAL, MASCULINO TAMANHO P","
 Data de incorporação:
  21/10/2020 12:28:29","
        400.000.768      ","
        ----------      "
121,  PC-GAFDPA - Divisão de Patrimônio e Almoxarifado,"COLETE BALÍSTICO PARA USO POLICIAL, MASCULINO TAMANHO P","
 Data de incorporação:
  21/10/2020 12:28:28","
        400.000.769      ","
        ----------      "
122,  PC-GAFDPA - Divisão de Patrimônio e Almoxarifado,"COLETE BALÍSTICO PARA USO POLICIAL, MASCULINO TAMANHO P","
 Data de incorporação:
  21/10/2020 12:28:27","
        400.000.777      ","
        ----------      "
123,  PC-GAFDPA - Divisão de Patrimônio e Almoxarifado,"COLETE BALÍSTICO PARA USO POLICIAL, MASCULINO TAMANHO P","
 Data de incorporação:
  21/10/2020 12:28:25","
        400.000.780      ","
        ----------      "
124,  PC-GAFDPA - Divisão de Patrimônio e Almoxarifado,"COLETE BALÍSTICO PARA USO POLICIAL, MASCULINO TAMANHO P","
 Data de incorporação:
  21/10/2020 12:28:24","
        400.000.785      ","
        ----------      "
125,  PC-GAFDPA - Divisão de Patrimônio e Almoxarifado,"COLETE BALÍSTICO PARA USO POLICIAL, MASCULINO TAMANHO P","
 Data de incorporação:
  21/10/2020 12:28:22","
        400.000.786      ","
        ----------      "
126,  PC-GAFDPA - Divisão de Patrimônio e Almoxarifado,"COLETE BALÍSTICO PARA USO POLICIAL, MASCULINO TAMANHO P","
 Data de incorporação:
  21/10/2020 12:28:20","
        400.000.788      ","
        ----------      "
127,  PC-GAFDPA - Divisão de Patrimônio e Almoxarifado,"COLETE BALÍSTICO PARA USO POLICIAL, MASCULINO TAMANHO M","
 Data de incorporação:
  21/10/2020 12:28:18","
        400.000.616      ","
        ----------      "
128,  PC-GAFDPA - Divisão de Patrimônio e Almoxarifado,"COLETE BALÍSTICO PARA USO POLICIAL, MASCULINO TAMANHO M","
 Data de incorporação:
  21/10/2020 12:28:16","
        400.000.621      ","
        ----------      "
129,  PC-GAFDPA - Divisão de Patrimônio e Almoxarifado,"COLETE BALÍSTICO PARA USO POLICIAL, MASCULINO TAMANHO M","
 Data de incorporação:
  21/10/2020 12:28:14","
        400.000.623      ","
        ----------      "
130,  PC-GAFDPA - Divisão de Patrimônio e Almoxarifado,"COLETE BALÍSTICO PARA USO POLICIAL, MASCULINO TAMANHO M","
 Data de incorporação:
  21/10/2020 12:28:13","
        400.000.624      ","
        ----------      "
131,  PC-GAFDPA - Divisão de Patrimônio e Almoxarifado,"COLETE BALÍSTICO PARA USO POLICIAL, MASCULINO TAMANHO M","
 Data de incorporação:
  21/10/2020 12:28:11","
        400.000.625      ","
        ----------      "
132,  PC-GAFDPA - Divisão de Patrimônio e Almoxarifado,"COLETE BALÍSTICO PARA USO POLICIAL, MASCULINO TAMANHO M","
 Data de incorporação:
  21/10/2020 12:28:10","
        400.000.628      ","
        ----------      "
133,  PC-GAFDPA - Divisão de Patrimônio e Almoxarifado,"COLETE BALÍSTICO PARA USO POLICIAL, MASCULINO TAMANHO M","
 Data de incorporação:
  21/10/2020 12:28:08","
        400.000.630      ","
        ----------      "
134,  PC-GAFDPA - Divisão de Patrimônio e Almoxarifado,"COLETE BALÍSTICO PARA USO POLICIAL, MASCULINO TAMANHO M","
 Data de incorporação:
  21/10/2020 12:28:06","
        400.000.634      ","
        ----------      "
135,  PC-GAFDPA - Divisão de Patrimônio e Almoxarifado,"COLETE BALÍSTICO PARA USO POLICIAL, MASCULINO TAMANHO M","
 Data de incorporação:
  21/10/2020 12:28:04","
        400.000.639      ","
        ----------      "
136,  PC-GAFDPA - Divisão de Patrimônio e Almoxarifado,"COLETE BALÍSTICO PARA USO POLICIAL, MASCULINO TAMANHO M","
 Data de incorporação:
  21/10/2020 12:28:02","
        400.000.641      ","
        ----------      "
137,  PC-GAFDPA - Divisão de Patrimônio e Almoxarifado,"COLETE BALÍSTICO PARA USO POLICIAL, MASCULINO TAMANHO M","
 Data de incorporação:
  21/10/2020 12:28:01","
        400.000.642      ","
        ----------      "
138,  PC-GAFDPA - Divisão de Patrimônio e Almoxarifado,"COLETE BALÍSTICO PARA USO POLICIAL, MASCULINO TAMANHO M","
 Data de incorporação:
  21/10/2020 12:27:58","
        400.000.643      ","
        ----------      "
139,  PC-GAFDPA - Divisão de Patrimônio e Almoxarifado,"COLETE BALÍSTICO PARA USO POLICIAL, MASCULINO TAMANHO M","
 Data de incorporação:
  21/10/2020 12:27:57","
        400.000.646      ","
        ----------      "
140,  PC-GAFDPA - Divisão de Patrimônio e Almoxarifado,"COLETE BALÍSTICO PARA USO POLICIAL, MASCULINO TAMANHO M","
 Data de incorporação:
  21/10/2020 12:27:55","
        400.000.648      ","
        ----------      "
141,  PC-GAFDPA - Divisão de Patrimônio e Almoxarifado,"COLETE BALÍSTICO PARA USO POLICIAL, MASCULINO TAMANHO M","
 Data de incorporação:
  21/10/2020 12:27:53","
        400.000.652      ","
        ----------      "
142,  PC-GAFDPA - Divisão de Patrimônio e Almoxarifado,"COLETE BALÍSTICO PARA USO POLICIAL, MASCULINO TAMANHO M","
 Data de incorporação:
  21/10/2020 12:27:51","
        400.000.462      ","
        ----------      "
143,  PC-GAFDPA - Divisão de Patrimônio e Almoxarifado,"COLETE BALÍSTICO PARA USO POLICIAL, MASCULINO TAMANHO M","
 Data de incorporação:
  21/10/2020 12:27:49","
        400.000.470      ","
        ----------      "
144,  PC-GAFDPA - Divisão de Patrimônio e Almoxarifado,"COLETE BALÍSTICO PARA USO POLICIAL, MASCULINO TAMANHO M","
 Data de incorporação:
  21/10/2020 12:27:48","
        400.000.471      ","
        ----------      "
145,  PC-GAFDPA - Divisão de Patrimônio e Almoxarifado,"COLETE BALÍSTICO PARA USO POLICIAL, MASCULINO TAMANHO M","
 Data de incorporação:
  21/10/2020 12:27:45","
        400.000.479      ","
        ----------      "
146,  PC-GAFDPA - Divisão de Patrimônio e Almoxarifado,"COLETE BALÍSTICO PARA USO POLICIAL, MASCULINO TAMANHO M","
 Data de incorporação:
  21/10/2020 12:27:44","
        400.000.480      ","
        ----------      "
147,  PC-GAFDPA - Divisão de Patrimônio e Almoxarifado,"COLETE BALÍSTICO PARA USO POLICIAL, MASCULINO TAMANHO M","
 Data de incorporação:
  21/10/2020 12:27:42","
        400.000.488      ","
        ----------      "
148,  PC-GAFDPA - Divisão de Patrimônio e Almoxarifado,"COLETE BALÍSTICO PARA USO POLICIAL, MASCULINO TAMANHO M","
 Data de incorporação:
  21/10/2020 12:27:41","
        400.000.489      ","
        ----------      "
149,  PC-GAFDPA - Divisão de Patrimônio e Almoxarifado,"COLETE BALÍSTICO PARA USO POLICIAL, MASCULINO TAMANHO M","
 Data de incorporação:
  21/10/2020 12:27:40","
        400.000.497      ","
        ----------      "
150,  PC-GAFDPA - Divisão de Patrimônio e Almoxarifado,"COLETE BALÍSTICO PARA USO POLICIAL, MASCULINO TAMANHO M","
 Data de incorporação:
  21/10/2020 12:27:39","
        400.000.498      ","
        ----------      "
151,  PC-GAFDPA - Divisão de Patrimônio e Almoxarifado,"COLETE BALÍSTICO PARA USO POLICIAL, MASCULINO TAMANHO M","
 Data de incorporação:
  21/10/2020 12:27:38","
        400.000.506      ","
        ----------      "
152,  PC-GAFDPA - Divisão de Patrimônio e Almoxarifado,"COLETE BALÍSTICO PARA USO POLICIAL, MASCULINO TAMANHO M","
 Data de incorporação:
  21/10/2020 12:27:37","
        400.000.508      ","
        ----------      "
153,  PC-GAFDPA - Divisão de Patrimônio e Almoxarifado,"COLETE BALÍSTICO PARA USO POLICIAL, MASCULINO TAMANHO M","
 Data de incorporação:
  21/10/2020 12:27:35","
        400.000.516      ","
        ----------      "
154,  PC-GAFDPA - Divisão de Patrimônio e Almoxarifado,"COLETE BALÍSTICO PARA USO POLICIAL, MASCULINO TAMANHO M","
 Data de incorporação:
  21/10/2020 12:27:34","
        400.000.526      ","
        ----------      "
155,  PC-GAFDPA - Divisão de Patrimônio e Almoxarifado,"COLETE BALÍSTICO PARA USO POLICIAL, MASCULINO TAMANHO M","
 Data de incorporação:
  21/10/2020 12:27:32","
        400.000.531      ","
        ----------      "
156,  PC-GAFDPA - Divisão de Patrimônio e Almoxarifado,"COLETE BALÍSTICO PARA USO POLICIAL, MASCULINO TAMANHO M","
 Data de incorporação:
  21/10/2020 12:27:31","
        400.000.533      ","
        ----------      "
157,  PC-GAFDPA - Divisão de Patrimônio e Almoxarifado,"COLETE BALÍSTICO PARA USO POLICIAL, MASCULINO TAMANHO M","
 Data de incorporação:
  21/10/2020 12:27:30","
        400.000.534      ","
        ----------      "
158,  PC-GAFDPA - Divisão de Patrimônio e Almoxarifado,"COLETE BALÍSTICO PARA USO POLICIAL, MASCULINO TAMANHO M","
 Data de incorporação:
  21/10/2020 12:27:29","
        400.000.535      ","
        ----------      "
159,  PC-GAFDPA - Divisão de Patrimônio e Almoxarifado,"COLETE BALÍSTICO PARA USO POLICIAL, MASCULINO TAMANHO M","
 Data de incorporação:
  21/10/2020 12:27:28","
        400.000.538      ","
        ----------      "
160,  PC-GAFDPA - Divisão de Patrimônio e Almoxarifado,"COLETE BALÍSTICO PARA USO POLICIAL, MASCULINO TAMANHO M","
 Data de incorporação:
  21/10/2020 12:27:28","
        400.000.540      ","
        ----------      "
161,  PC-GAFDPA - Divisão de Patrimônio e Almoxarifado,"COLETE BALÍSTICO PARA USO POLICIAL, MASCULINO TAMANHO M","
 Data de incorporação:
  21/10/2020 12:27:27","
        400.000.544      ","
        ----------      "
162,  PC-GAFDPA - Divisão de Patrimônio e Almoxarifado,"COLETE BALÍSTICO PARA USO POLICIAL, MASCULINO TAMANHO M","
 Data de incorporação:
  21/10/2020 12:27:25","
        400.000.549      ","
        ----------      "
163,  PC-GAFDPA - Divisão de Patrimônio e Almoxarifado,"COLETE BALÍSTICO PARA USO POLICIAL, MASCULINO TAMANHO M","
 Data de incorporação:
  21/10/2020 12:27:24","
        400.000.551      ","
        ----------      "
164,  PC-GAFDPA - Divisão de Patrimônio e Almoxarifado,"COLETE BALÍSTICO PARA USO POLICIAL, MASCULINO TAMANHO M","
 Data de incorporação:
  21/10/2020 12:27:24","
        400.000.552      ","
        ----------      "
165,  PC-GAFDPA - Divisão de Patrimônio e Almoxarifado,"COLETE BALÍSTICO PARA USO POLICIAL, MASCULINO TAMANHO M","
 Data de incorporação:
  21/10/2020 12:27:23","
        400.000.553      ","
        ----------      "
166,  PC-GAFDPA - Divisão de Patrimônio e Almoxarifado,"COLETE BALÍSTICO PARA USO POLICIAL, MASCULINO TAMANHO M","
 Data de incorporação:
  21/10/2020 12:27:22","
        400.000.556      ","
        ----------      "
167,  PC-GAFDPA - Divisão de Patrimônio e Almoxarifado,"COLETE BALÍSTICO PARA USO POLICIAL, MASCULINO TAMANHO M","
 Data de incorporação:
  21/10/2020 12:27:21","
        400.000.558      ","
        ----------      "
168,  PC-GAFDPA - Divisão de Patrimônio e Almoxarifado,"COLETE BALÍSTICO PARA USO POLICIAL, MASCULINO TAMANHO M","
 Data de incorporação:
  21/10/2020 12:27:20","
        400.000.562      ","
        ----------      "
169,  PC-GAFDPA - Divisão de Patrimônio e Almoxarifado,"COLETE BALÍSTICO PARA USO POLICIAL, MASCULINO TAMANHO M","
 Data de incorporação:
  21/10/2020 12:27:19","
        400.000.567      ","
        ----------      "
170,  PC-GAFDPA - Divisão de Patrimônio e Almoxarifado,"COLETE BALÍSTICO PARA USO POLICIAL, MASCULINO TAMANHO M","
 Data de incorporação:
  21/10/2020 12:27:18","
        400.000.569      ","
        ----------      "
171,  PC-GAFDPA - Divisão de Patrimônio e Almoxarifado,"COLETE BALÍSTICO PARA USO POLICIAL, MASCULINO TAMANHO M","
 Data de incorporação:
  21/10/2020 12:27:17","
        400.000.570      ","
        ----------      "
172,  PC-GAFDPA - Divisão de Patrimônio e Almoxarifado,"COLETE BALÍSTICO PARA USO POLICIAL, MASCULINO TAMANHO M","
 Data de incorporação:
  21/10/2020 12:27:16","
        400.000.571      ","
        ----------      "
173,  PC-GAFDPA - Divisão de Patrimônio e Almoxarifado,"COLETE BALÍSTICO PARA USO POLICIAL, MASCULINO TAMANHO M","
 Data de incorporação:
  21/10/2020 12:27:14","
        400.000.574      ","
        ----------      "
174,  PC-GAFDPA - Divisão de Patrimônio e Almoxarifado,"COLETE BALÍSTICO PARA USO POLICIAL, MASCULINO TAMANHO M","
 Data de incorporação:
  21/10/2020 12:27:12","
        400.000.576      ","
        ----------      "
175,  PC-GAFDPA - Divisão de Patrimônio e Almoxarifado,"COLETE BALÍSTICO PARA USO POLICIAL, MASCULINO TAMANHO M","
 Data de incorporação:
  21/10/2020 12:27:11","
        400.000.580      ","
        ----------      "
176,  PC-GAFDPA - Divisão de Patrimônio e Almoxarifado,"COLETE BALÍSTICO PARA USO POLICIAL, MASCULINO TAMANHO M","
 Data de incorporação:
  21/10/2020 12:27:10","
        400.000.585      ","
        ----------      "
177,  PC-GAFDPA - Divisão de Patrimônio e Almoxarifado,"COLETE BALÍSTICO PARA USO POLICIAL, MASCULINO TAMANHO M","
 Data de incorporação:
  21/10/2020 12:27:08","
        400.000.587      ","
        ----------      "
178,  PC-GAFDPA - Divisão de Patrimônio e Almoxarifado,"COLETE BALÍSTICO PARA USO POLICIAL, MASCULINO TAMANHO M","
 Data de incorporação:
  21/10/2020 12:27:07","
        400.000.588      ","
        ----------      "
179,  PC-GAFDPA - Divisão de Patrimônio e Almoxarifado,"COLETE BALÍSTICO PARA USO POLICIAL, MASCULINO TAMANHO M","
 Data de incorporação:
  21/10/2020 12:27:06","
        400.000.589      ","
        ----------      "
180,  PC-GAFDPA - Divisão de Patrimônio e Almoxarifado,"COLETE BALÍSTICO PARA USO POLICIAL, MASCULINO TAMANHO M","
 Data de incorporação:
  21/10/2020 12:27:05","
        400.000.592      ","
        ----------      "
181,  PC-GAFDPA - Divisão de Patrimônio e Almoxarifado,"COLETE BALÍSTICO PARA USO POLICIAL, MASCULINO TAMANHO M","
 Data de incorporação:
  21/10/2020 12:27:05","
        400.000.594      ","
        ----------      "
182,  PC-GAFDPA - Divisão de Patrimônio e Almoxarifado,"COLETE BALÍSTICO PARA USO POLICIAL, MASCULINO TAMANHO M","
 Data de incorporação:
  21/10/2020 12:27:02","
        400.000.598      ","
        ----------      "
183,  PC-GAFDPA - Divisão de Patrimônio e Almoxarifado,"COLETE BALÍSTICO PARA USO POLICIAL, MASCULINO TAMANHO M","
 Data de incorporação:
  21/10/2020 12:27:01","
        400.000.603      ","
        ----------      "
184,  PC-GAFDPA - Divisão de Patrimônio e Almoxarifado,"COLETE BALÍSTICO PARA USO POLICIAL, MASCULINO TAMANHO M","
 Data de incorporação:
  21/10/2020 12:27:00","
        400.000.605      ","
        ----------      "
185,  PC-GAFDPA - Divisão de Patrimônio e Almoxarifado,"COLETE BALÍSTICO PARA USO POLICIAL, MASCULINO TAMANHO M","
 Data de incorporação:
  21/10/2020 12:26:59","
        400.000.606      ","
        ----------      "
186,  PC-GAFDPA - Divisão de Patrimônio e Almoxarifado,"COLETE BALÍSTICO PARA USO POLICIAL, MASCULINO TAMANHO M","
 Data de incorporação:
  21/10/2020 12:26:58","
        400.000.607      ","
        ----------      "
187,  PC-GAFDPA - Divisão de Patrimônio e Almoxarifado,"COLETE BALÍSTICO PARA USO POLICIAL, MASCULINO TAMANHO M","
 Data de incorporação:
  21/10/2020 12:26:56","
        400.000.610      ","
        ----------      "
188,  PC-GAFDPA - Divisão de Patrimônio e Almoxarifado,"COLETE BALÍSTICO PARA USO POLICIAL, MASCULINO TAMANHO M","
 Data de incorporação:
  21/10/2020 12:26:55","
        400.000.612      ","
        ----------      "
189,  PC-GAFDPA - Divisão de Patrimônio e Almoxarifado,"COLETE BALÍSTICO PARA USO POLICIAL, MASCULINO TAMANHO M","
 Data de incorporação:
  21/10/2020 12:26:54","
        400.000.518      ","
        ----------      "
190,  PC-GAFDPA - Divisão de Patrimônio e Almoxarifado,"COLETE BALÍSTICO PARA USO POLICIAL, MASCULINO TAMANHO GG","
 Data de incorporação:
  21/10/2020 12:26:52","
        400.000.461      ","
        ----------      "
191,  PC-ALMPAT - Almoxarifado e Patrimônio,CÃO PASTOR BELGA MALINOIS MACHO NOME: ROBIN,"
 Data de incorporação:
  29/09/2020 12:09:37","
        290.000.753      ","
        ----------      "
192,  PC-GAFDPA - Divisão de Patrimônio e Almoxarifado,CAIXA TERMICA RIGIDA,"
 Data de incorporação:
  29/09/2020 11:54:21","
        400.000.064      ","
        63865/SESDEC      "
193,  PC-GAFDPA - Divisão de Patrimônio e Almoxarifado,CAIXA TERMICA RIGIDA,"
 Data de incorporação:
  29/09/2020 11:54:21","
        400.000.065      ","
        63866/SESDEC      "
194,  PC-ACADEPOL - Academia de Polícia Civil,CAMINHONETE L200 TRITON SPORT (PREFIXO PC-996),"
 Data de incorporação:
  29/09/2020 10:45:48","
        400.001.808      ","
        63790/SESDEC      "
195,  PC-ACADEPOL - Academia de Polícia Civil,CAMINHONETE L200 TRITON SPORT(PREFIXO PC-995),"
 Data de incorporação:
  29/09/2020 10:45:47","
        400.001.809      ","
        63791/SESDEC      "
196,  PC-ACADEPOL - Academia de Polícia Civil,CÂMERA FOTOGRÁFICA POWERSHOT (Convênio nº. 813295/2014 SENASP/MJ),"
 Data de incorporação:
  29/09/2020 10:42:31","
        400.002.003      ","
        41374      "
197,  PC-ACADEPOL - Academia de Polícia Civil,CÂMERA FOTOGRÁFICA POWERSHOT (Convênio nº. 813295/2014 SENASP/MJ),"
 Data de incorporação:
  29/09/2020 10:42:30","
        400.002.004      ","
        41375      "
198,  PC-ACADEPOL - Academia de Polícia Civil,L-200 TRITON GLS TP 2.4  D 4X4 MT,"
 Data de incorporação:
  24/09/2020 12:07:00","
        290.000.752      ","
        ----------      "
199,  PC-ACADEPOL - Academia de Polícia Civil,L-200 TRITON GLS TP 2.4  D 4X4 MT,"
 Data de incorporação:
  24/09/2020 12:07:00","
        290.000.751      ","
        ----------      "
200,  PC-ACADEPOL - Academia de Polícia Civil,L-200 TRITON GLS TP 2.4  D 4X4 MT,"
 Data de incorporação:
  24/09/2020 12:07:00","
        290.000.750      ","
        ----------      "
201,  PC-ACADEPOL - Academia de Polícia Civil,"VEICULO ETIOS HB X 13L MT HATCH,COR BRANCO POLAR,5 PORTAS,COMB. ALCOOL/GASOLINA","
 Data de incorporação:
  23/09/2020 08:47:03","
        400.000.447      ","
        63525/SESDEC      "
202,  PC-ACADEPOL - Academia de Polícia Civil,MESA DE REUNIÃO RETANGULAR,"
 Data de incorporação:
  10/09/2020 10:09:23","
        290.000.749      ","
        5000      "
203,  PC-ACADEPOL - Academia de Polícia Civil,MESA DE REUNIÃO RETANGULAR,"
 Data de incorporação:
  10/09/2020 10:09:23","
        290.000.748      ","
        4999      "
204,  PC-ACADEPOL - Academia de Polícia Civil,MESA DE REUNIÃO REDONDA,"
 Data de incorporação:
  10/09/2020 09:56:59","
        290.000.747      ","
        4924      "
205,  PC-ACADEPOL - Academia de Polícia Civil,MESA RETA,"
 Data de incorporação:
  10/09/2020 09:39:55","
        290.000.746      ","
        4923      "
206,  PC-ACADEPOL - Academia de Polícia Civil,MESA RETA,"
 Data de incorporação:
  10/09/2020 09:39:55","
        290.000.745      ","
        4922      "
207,  PC-ACADEPOL - Academia de Polícia Civil,MESA RETA,"
 Data de incorporação:
  10/09/2020 09:39:55","
        290.000.744      ","
        4921      "
208,  PC-ACADEPOL - Academia de Polícia Civil,MESA RETA,"
 Data de incorporação:
  10/09/2020 09:39:55","
        290.000.743      ","
        4920      "
209,  PC-ACADEPOL - Academia de Polícia Civil,MESA RETA,"
 Data de incorporação:
  10/09/2020 09:39:55","
        290.000.742      ","
        4919      "
210,  PC-ACADEPOL - Academia de Polícia Civil,MESA RETA,"
 Data de incorporação:
  10/09/2020 09:39:55","
        290.000.741      ","
        4918      "
211,  PC-ACADEPOL - Academia de Polícia Civil,MESA RETA,"
 Data de incorporação:
  10/09/2020 09:39:55","
        290.000.740      ","
        4917      "
212,  PC-ACADEPOL - Academia de Polícia Civil,MESA RETA,"
 Data de incorporação:
  10/09/2020 09:39:55","
        290.000.739      ","
        4916      "
213,  PC-ACADEPOL - Academia de Polícia Civil,MESA RETA,"
 Data de incorporação:
  10/09/2020 09:39:55","
        290.000.738      ","
        4915      "
214,  PC-ACADEPOL - Academia de Polícia Civil,MESA RETA,"
 Data de incorporação:
  10/09/2020 09:39:55","
        290.000.737      ","
        4914      "
215,  PC-ACADEPOL - Academia de Polícia Civil,MESA RETA,"
 Data de incorporação:
  10/09/2020 09:39:55","
        290.000.736      ","
        4913      "
216,  PC-ACADEPOL - Academia de Polícia Civil,MESA RETA,"
 Data de incorporação:
  10/09/2020 09:39:55","
        290.000.735      ","
        4912      "
217,  PC-ACADEPOL - Academia de Polícia Civil,MESA RETA,"
 Data de incorporação:
  10/09/2020 09:39:55","
        290.000.734      ","
        4911      "
218,  PC-ACADEPOL - Academia de Polícia Civil,MESA RETA,"
 Data de incorporação:
  10/09/2020 09:39:55","
        290.000.733      ","
        4910      "
219,  PC-ACADEPOL - Academia de Polícia Civil,MESA RETA,"
 Data de incorporação:
  10/09/2020 09:39:55","
        290.000.732      ","
        4909      "
220,  PC-ACADEPOL - Academia de Polícia Civil,MESA RETA,"
 Data de incorporação:
  10/09/2020 09:39:55","
        290.000.731      ","
        4908      "
221,  PC-ACADEPOL - Academia de Polícia Civil,MESA RETA,"
 Data de incorporação:
  10/09/2020 09:39:55","
        290.000.730      ","
        4907      "
222,  PC-ACADEPOL - Academia de Polícia Civil,MESA RETA,"
 Data de incorporação:
  10/09/2020 09:39:55","
        290.000.729      ","
        4906      "
223,  PC-ACADEPOL - Academia de Polícia Civil,MESA RETA,"
 Data de incorporação:
  10/09/2020 09:39:55","
        290.000.728      ","
        4905      "
224,  PC-ACADEPOL - Academia de Polícia Civil,MESA RETA,"
 Data de incorporação:
  10/09/2020 09:39:55","
        290.000.727      ","
        4904      "
225,  PC-ACADEPOL - Academia de Polícia Civil,MESA RETA,"
 Data de incorporação:
  10/09/2020 09:39:55","
        290.000.726      ","
        4903      "
226,  PC-ACADEPOL - Academia de Polícia Civil,MESA RETA,"
 Data de incorporação:
  10/09/2020 09:39:55","
        290.000.725      ","
        4902      "
227,  PC-ACADEPOL - Academia de Polícia Civil,MESA RETA,"
 Data de incorporação:
  10/09/2020 09:39:55","
        290.000.724      ","
        4901      "
228,  PC-ACADEPOL - Academia de Polícia Civil,MESA RETA,"
 Data de incorporação:
  10/09/2020 09:39:55","
        290.000.723      ","
        4900      "
229,  PC-ACADEPOL - Academia de Polícia Civil,MESA RETA,"
 Data de incorporação:
  10/09/2020 09:39:55","
        290.000.722      ","
        4899      "
230,  PC-ACADEPOL - Academia de Polícia Civil,MESA RETA,"
 Data de incorporação:
  10/09/2020 09:39:55","
        290.000.721      ","
        4898      "
231,  PC-ACADEPOL - Academia de Polícia Civil,MESA RETA,"
 Data de incorporação:
  10/09/2020 09:39:55","
        290.000.720      ","
        4897      "
232,  PC-ACADEPOL - Academia de Polícia Civil,MESA RETA,"
 Data de incorporação:
  10/09/2020 09:39:55","
        290.000.719      ","
        4896      "
233,  PC-ACADEPOL - Academia de Polícia Civil,MESA RETA,"
 Data de incorporação:
  10/09/2020 09:39:55","
        290.000.718      ","
        4895      "
234,  PC-ACADEPOL - Academia de Polícia Civil,MESA RETA,"
 Data de incorporação:
  10/09/2020 09:39:55","
        290.000.717      ","
        4894      "
235,  PC-ACADEPOL - Academia de Polícia Civil,MESA RETA,"
 Data de incorporação:
  10/09/2020 09:39:55","
        290.000.716      ","
        4893      "
236,  PC-ACADEPOL - Academia de Polícia Civil,MESA RETA,"
 Data de incorporação:
  10/09/2020 09:39:55","
        290.000.715      ","
        4892      "
237,  PC-ACADEPOL - Academia de Polícia Civil,MESA RETA,"
 Data de incorporação:
  10/09/2020 09:31:59","
        290.000.714      ","
        4891      "
238,  PC-ACADEPOL - Academia de Polícia Civil,MESA RETA,"
 Data de incorporação:
  10/09/2020 09:31:59","
        290.000.713      ","
        4890      "
239,  PC-ACADEPOL - Academia de Polícia Civil,MESA RETA,"
 Data de incorporação:
  10/09/2020 09:31:59","
        290.000.712      ","
        4889      "
240,  PC-ACADEPOL - Academia de Polícia Civil,MESA RETA,"
 Data de incorporação:
  10/09/2020 09:31:59","
        290.000.711      ","
        4888      "
241,  PC-ACADEPOL - Academia de Polícia Civil,MESA RETA,"
 Data de incorporação:
  10/09/2020 09:31:59","
        290.000.710      ","
        4887      "
242,  PC-ACADEPOL - Academia de Polícia Civil,MESA RETA,"
 Data de incorporação:
  10/09/2020 09:31:59","
        290.000.709      ","
        4886      "
243,  PC-ACADEPOL - Academia de Polícia Civil,MESA RETA,"
 Data de incorporação:
  10/09/2020 09:31:59","
        290.000.708      ","
        4885      "
244,  PC-ACADEPOL - Academia de Polícia Civil,MESA RETA,"
 Data de incorporação:
  10/09/2020 09:31:59","
        290.000.707      ","
        4884      "
245,  PC-ACADEPOL - Academia de Polícia Civil,MESA RETA,"
 Data de incorporação:
  10/09/2020 09:31:59","
        290.000.706      ","
        4883      "
246,  PC-ACADEPOL - Academia de Polícia Civil,MESA RETA,"
 Data de incorporação:
  10/09/2020 09:31:59","
        290.000.705      ","
        4882      "
247,  PC-ACADEPOL - Academia de Polícia Civil,MESA PARA SERVIDOR EM L 1600X1600X740X600,"
 Data de incorporação:
  10/09/2020 09:18:23","
        290.000.704      ","
        4881      "
248,  PC-ACADEPOL - Academia de Polícia Civil,MESA PARA SERVIDOR EM L 1600X1600X740X600,"
 Data de incorporação:
  10/09/2020 09:18:23","
        290.000.703      ","
        4880      "
249,  PC-ACADEPOL - Academia de Polícia Civil,MESA PARA SERVIDOR EM L 1600X1600X740X600,"
 Data de incorporação:
  10/09/2020 09:18:23","
        290.000.702      ","
        4879      "
250,  PC-ACADEPOL - Academia de Polícia Civil,MESA PARA SERVIDOR EM L 1600X1600X740X600,"
 Data de incorporação:
  10/09/2020 09:18:23","
        290.000.701      ","
        4878      "
251,  PC-ACADEPOL - Academia de Polícia Civil,MESA PARA SERVIDOR EM L 1600X1600X740X600,"
 Data de incorporação:
  10/09/2020 09:18:23","
        290.000.700      ","
        4877      "
252,  PC-ACADEPOL - Academia de Polícia Civil,MESA PARA SERVIDOR EM L 1600X1600X740X600,"
 Data de incorporação:
  10/09/2020 09:18:23","
        290.000.699      ","
        4876      "
253,  PC-ACADEPOL - Academia de Polícia Civil,MESA PARA SERVIDOR EM L,"
 Data de incorporação:
  10/09/2020 08:49:44","
        290.000.698      ","
        4875      "
254,  PC-ACADEPOL - Academia de Polícia Civil,MESA PARA SERVIDOR EM L,"
 Data de incorporação:
  10/09/2020 08:49:44","
        290.000.697      ","
        4874      "
255,  PC-ACADEPOL - Academia de Polícia Civil,MESA PARA SERVIDOR EM L,"
 Data de incorporação:
  10/09/2020 08:49:44","
        290.000.696      ","
        4873      "
256,  PC-ACADEPOL - Academia de Polícia Civil,MESA PARA SERVIDOR EM L,"
 Data de incorporação:
  10/09/2020 08:49:44","
        290.000.695      ","
        4872      "
257,  PC-ACADEPOL - Academia de Polícia Civil,MESA PARA SERVIDOR EM L,"
 Data de incorporação:
  10/09/2020 08:49:44","
        290.000.694      ","
        4871      "
258,  PC-ACADEPOL - Academia de Polícia Civil,MESA PARA SERVIDOR EM L,"
 Data de incorporação:
  10/09/2020 08:49:44","
        290.000.693      ","
        4870      "
259,  PC-ACADEPOL - Academia de Polícia Civil,MESA PARA SERVIDOR EM L,"
 Data de incorporação:
  10/09/2020 08:49:44","
        290.000.692      ","
        4869      "
260,  PC-ACADEPOL - Academia de Polícia Civil,MESA PARA SERVIDOR EM L,"
 Data de incorporação:
  10/09/2020 08:49:44","
        290.000.691      ","
        4868      "
261,  PC-ACADEPOL - Academia de Polícia Civil,MESA PARA SERVIDOR EM L,"
 Data de incorporação:
  10/09/2020 08:49:44","
        290.000.690      ","
        4867      "
262,  PC-ACADEPOL - Academia de Polícia Civil,MESA PARA SERVIDOR EM L,"
 Data de incorporação:
  10/09/2020 08:49:44","
        290.000.689      ","
        4866      "
263,  PC-ACADEPOL - Academia de Polícia Civil,MESA PARA SERVIDOR EM L,"
 Data de incorporação:
  10/09/2020 08:49:44","
        290.000.688      ","
        4865      "
264,  PC-ACADEPOL - Academia de Polícia Civil,MESA PARA SERVIDOR EM L,"
 Data de incorporação:
  10/09/2020 08:49:44","
        290.000.687      ","
        4864      "
265,  PC-ACADEPOL - Academia de Polícia Civil,MESA PARA SERVIDOR EM L,"
 Data de incorporação:
  10/09/2020 08:49:44","
        290.000.686      ","
        4863      "
